CS100_1,CS100,"Freshman Orientation

Introduction to Computer Science as a field and career for computer science majors. Overview of the field and specific examples of problem areas and methods of solution.
",[],1
CS101_3,CS101,"Intro Computing: Engrg & Sci

Fundamental principles, concepts, and methods of computing, with emphasis on applications in the physical sciences and engineering. Basic problem solving and programming techniques; fundamental algorithms and data structures; use of computers in solving engineering and scientific problems. Intended for engineering and science majors. Prerequisite: MATH 220 or MATH 221. This course satisfies the General Education Criteria for:Quantitative Reasoning II","['MATH220', 'MATH221']",3
CS102_4,CS102,"Little Bits to Big Ideas

Same as INFO 102. See INFO 102.
",[],4
CS105_3,CS105,"Intro Computing: Non-Tech

Computing as an essential tool of academic and professional activities. Functions and interrelationships of computer system components: hardware, systems and applications software, and networks. Widely used application packages such as spreadsheets and databases. Concepts and practice of programming for the solution of simple problems in different application areas. Intended for non-science and non-engineering majors. Prerequisite: MATH 112. This course satisfies the General Education Criteria for:Quantitative Reasoning I",['MATH112'],3
CS107_4,CS107,"Data Science Discovery

Same as IS 107 and STAT 107. See STAT 107.This course satisfies the General Education Criteria for:Quantitative Reasoning I",[],4
CS124_3,CS124,"Introduction to Computer Science I

Basic concepts in computing and fundamental techniques for solving computational problems. Intended as a first course for computer science majors and others with a deep interest in computing. Credit is not given for both CS 124 and CS 125. Prerequisite: Three years of high school mathematics or MATH 112.
",['MATH112'],3
CS125_4,CS125,"Introduction to Computer Science

Basic concepts in computing and fundamental techniques for solving computational problems. Intended as a first course for computer science majors and others with a deep interest in computing. Credit is not given for both CS 125 and CS 124. Prerequisite: Three years of high school mathematics or MATH 112. This course satisfies the General Education Criteria for:Quantitative Reasoning I",['MATH112'],4
CS126_3,CS126,"Software Design Studio

Fundamental principles and techniques of software development. Design, documentation, testing, and debugging software, with a significant emphasis on code review. Credit is not given for both CS 242 and CS 126. Prerequisite: CS 125. For majors only.
",['CS125'],3
CS128_3,CS128,"Introduction to Computer Science II

Continuation of CS 124. More advanced concepts in computing and techniques and approaches for solving computational problems. Prerequisite: CS 124.
",['CS124'],3
CS173_3,CS173,"Discrete Structures

Discrete mathematical structures frequently encountered in the study of Computer Science. Sets, propositions, Boolean algebra, induction, recursion, relations, functions, and graphs. Credit is not given for both CS 173 and MATH 213. Prerequisite: One of CS 124, CS 125, ECE 220; one of MATH 220, MATH 221.
","['CS124', 'CS125', 'ECE220', 'MATH220', 'MATH221']",3
CS196_1,CS196,"Freshman Honors

Offered for honors credit in conjunction with other 100-level computer science courses taken concurrently. A special examination may be required for admission to this course. May be repeated. Prerequisite: Concurrent registration in another 100-level computer science course (see Schedule).
",[],1
CS199_0,CS199,"Undergraduate Open Seminar in Computer Science

Topics vary. Approved for Letter and S/U grading. May be repeated.
",[],0
CS199_1,CS199,"Undergraduate Open Seminar in Computer Science

Topics vary. Approved for Letter and S/U grading. May be repeated.
",[],1
CS199_2,CS199,"Undergraduate Open Seminar in Computer Science

Topics vary. Approved for Letter and S/U grading. May be repeated.
",[],2
CS199_3,CS199,"Undergraduate Open Seminar in Computer Science

Topics vary. Approved for Letter and S/U grading. May be repeated.
",[],3
CS199_4,CS199,"Undergraduate Open Seminar in Computer Science

Topics vary. Approved for Letter and S/U grading. May be repeated.
",[],4
CS199_5,CS199,"Undergraduate Open Seminar in Computer Science

Topics vary. Approved for Letter and S/U grading. May be repeated.
",[],5
CS210_2,CS210,"Ethical & Professional Issues

Ethics for the computing profession. Ethical decision-making; licensing; intellectual property, freedom of information, and privacy. Credit is not given for both CS 210 and either CS 211 or ECE 316. Prerequisite: CS 225. Junior standing required.
",['CS225'],2
CS211_3,CS211,"Ethical and Professional Conduct

Navigating the complex ethical and professional landscape of the computing professional: privacy, intellectual property, cybersecurity, and freedom of speech. Hands-on exercises, assignments, and discussions in which students analyze current events from perspectives in both philosophical and professional ethics. Writing professionally and technically in several writing assignments requiring peer review, workshops, and multiple rounds of editing and revising. Credit is not given for both CS 211 and CS 210 or ECE 316. Prerequisite: CS 225.
",['CS225'],3
CS222_1,CS222,"Software Design Lab

Design and implementation of novel software solutions. Problem identification and definition; idea generation and evaluation; and software implementation, testing, and deployment. Emphasizes software development best practicesâ€”including framework selection, code review, documentation, appropriate library usage, project management, continuous integration and testing, and teamwork. Prerequisite: CS 128 or CS 225. Restricted to majors in Computer Science undergraduate curricula only.
","['CS128', 'CS225']",1
CS225_4,CS225,"Data Structures

Data abstractions: elementary data structures (lists, stacks, queues, and trees) and their implementation using an object-oriented programming language. Solutions to a variety of computational problems such as search on graphs and trees. Elementary analysis of algorithms. Credit is not given for both CS 225 and CS 277. Prerequisite: CS 126 or CS 128 or ECE 220; One of CS 173, MATH 213, MATH 347, MATH 412 or MATH 413. This course satisfies the General Education Criteria for:Quantitative Reasoning II","['CS126', 'CS128', 'ECE220', 'CS173', 'MATH213', 'MATH347', 'MATH412', 'MATH413']",4
CS233_4,CS233,"Computer Architecture

Fundamentals of computer architecture: digital logic design, working up from the logic gate level to understand the function of a simple computer; machine-level programming to understand implementation of high-level languages; performance models of modern computer architectures to enable performance optimization of software; hardware primitives for parallelism and security. Prerequisite: CS 125 or CS 128 and CS 173; credit or concurrent enrollment in CS 225.
","['CS125', 'CS128', 'CS173', 'CS225']",4
CS240_3,CS240,"Introduction to Computer Systems

Basics of computer systems. Number representations, assembly/machine language, abstract models of processors (fetch/execute, memory hierarchy), processes/process control, simple memory management, file I/O and directories, network programming, usage of cloud services. Prerequisite: CS 225.
",['CS225'],3
CS241_4,CS241,"System Programming

Basics of system programming, including POSIX processes, process control, inter-process communication, synchronization, signals, simple memory management, file I/O and directories, shell programming, socket network programming, RPC programming in distributed systems, basic security mechanisms, and standard tools for systems programming such as debugging tools. Credit is not given for both CS 241 and ECE 391. Prerequisite: CS 225 and CS 233.
","['CS225', 'CS233']",4
CS242_3,CS242,"Programming Studio

Intensive programming lab intended to strengthen skills in programming. Prerequisite: CS 241.
",['CS241'],3
CS265_3,CS265,"Innovation Illinois: From Accessible Design to Supercomputing Cultures

Same as IS 265 and MACS 265. See MACS 265.
",[],3
CS277_4,CS277,"Algorithms and Data Structures for Data Science

Introduction to elementary concepts in algorithms and classical data structures with a focus on their applications in Data Science. Topics include algorithm analysis (ex: Big-O notation), elementary data structures (ex: lists, stacks, queues, trees, and graphs), basics of discrete algorithm design principles (ex: greedy, divide and conquer, dynamic programming), and discussion of discrete and continuous optimization. Credit is not given for both CS 277 and CS 225. Prerequisite: STAT 207; one of MATH 220, MATH 221, MATH 234. CS 277 cannot be taken concurrently with CS 225.
","['STAT207', 'MATH220', 'MATH221', 'MATH234', 'CS277', 'CS225']",4
CS296_1,CS296,"Honors Course

Group projects for honors credit in computer science. Sections of this course are offered in conjunction with other 200-level computer science courses taken concurrently. A special examination may be required for admission to this course. May be repeated. Prerequisite: Concurrent registration in another 200-level computer science course (see Schedule).
",[],1
CS307_4,CS307,"Modeling and Learning in Data Science

Introduction to the use of classical approaches in data modeling and machine learning in the context of solving data-centric problems. A broad coverage of fundamental models is presented, including linear models, unsupervised learning, supervised learning, and deep learning. A significant emphasis is placed on the application of the models in Python and the interpretability of the results. Prerequisite: STAT 207; one of MATH 225, MATH 415, MATH 416, ASRM 406.
","['STAT207', 'MATH225', 'MATH415', 'MATH416', 'ASRM406']",4
CS357_3,CS357,"Numerical Methods I

Fundamentals of numerical methods for students in science and engineering; floating-point computation, systems of linear equations, approximation of functions and integrals, the single nonlinear equation, and the numerical solution of ordinary differential equations; various applications in science and engineering; programming exercises and use of high quality mathematical library routines. Same as MATH 357. Credit is not given for CS 357 if credit for CS 450 has been earned. (Counts for advanced hours in LAS). Prerequisite: One of CS 101, CS 105, CS 125 or ECE 220; MATH 241; one of MATH 225, MATH 257, MATH 415, MATH 416 or ASRM 406.
","['CS101', 'CS105', 'CS125', 'ECE220', 'MATH241', 'MATH225', 'MATH257', 'MATH415', 'MATH416', 'ASRM406']",3
CS361_3,CS361,"Probability & Statistics for Computer Science

Introduction to probability theory and statistics with applications to computer science. Topics include: visualizing datasets, summarizing data, basic descriptive statistics, conditional probability, independence, Bayes theorem, random variables, joint and conditional distributions, expectation, variance and covariance, central limit theorem. Markov inequality, Chebyshev inequality, law of large numbers, Markov chains, simulation, the PageRank algorithm, populations and sampling, sample mean, standard error, maximum likelihood estimation, Bayes estimation, hypothesis testing, confidence intervals, linear regression, principal component analysis, classification, and decision trees. Same as STAT 361. Credit is not given for both CS 361 and ECE 313. Prerequisite: MATH 220 or MATH 221; credit or concurrent registration in one of MATH 225, MATH 257, MATH 415, MATH 416 or ASRM 406. For majors only.
","['MATH220', 'MATH221', 'MATH225', 'MATH257', 'MATH415', 'MATH416', 'ASRM406']",3
CS374_4,CS374,"Introduction to Algorithms & Models of Computation

Analysis of algorithms, major paradigms of algorithm design including recursive algorithms, divide-and-conquer algorithms, dynamic programming, greedy algorithms, and graph algorithms. Formal models of computation including finite automata and Turing machines. Limitations of computation arising from fundamental notions of algorithm and from complexity-theoretic constraints. Reductions, undecidability and NP-completeness. Same as ECE 374. Prerequisite: One of CS 173, MATH 213; CS 225.
","['CS173', 'MATH213', 'CS225']",4
CS397_1,CS397,"Individual Study

May be repeated. Prerequisite: Consent of instructor.
",[],1
CS397_2,CS397,"Individual Study

May be repeated. Prerequisite: Consent of instructor.
",[],2
CS397_3,CS397,"Individual Study

May be repeated. Prerequisite: Consent of instructor.
",[],3
CS398_1,CS398,"Special Topics

Subject offerings of new and developing areas of knowledge in computer science intended to augment the existing curriculum. See Class Schedule or departmental course information for topics and prerequisites. May be repeated in the same or separate terms if topics vary.
",[],1
CS398_2,CS398,"Special Topics

Subject offerings of new and developing areas of knowledge in computer science intended to augment the existing curriculum. See Class Schedule or departmental course information for topics and prerequisites. May be repeated in the same or separate terms if topics vary.
",[],2
CS398_3,CS398,"Special Topics

Subject offerings of new and developing areas of knowledge in computer science intended to augment the existing curriculum. See Class Schedule or departmental course information for topics and prerequisites. May be repeated in the same or separate terms if topics vary.
",[],3
CS398_4,CS398,"Special Topics

Subject offerings of new and developing areas of knowledge in computer science intended to augment the existing curriculum. See Class Schedule or departmental course information for topics and prerequisites. May be repeated in the same or separate terms if topics vary.
",[],4
CS407_3,CS407,"Cryptography

Same as ECE 407. See ECE 407.
",[],3
CS407_4,CS407,"Cryptography

Same as ECE 407. See ECE 407.
",[],4
CS410_3,CS410,"Text Information Systems

Theory, design, and implementation of text-based information systems. Text analysis, retrieval models (e.g., Boolean, vector space, probabilistic), text categorization, text filtering, clustering, retrieval system design and implementation, and applications to web information management. 3 undergraduate hours. 3 or 4 graduate hours. Prerequisite: CS 225.
",['CS225'],3
CS410_4,CS410,"Text Information Systems

Theory, design, and implementation of text-based information systems. Text analysis, retrieval models (e.g., Boolean, vector space, probabilistic), text categorization, text filtering, clustering, retrieval system design and implementation, and applications to web information management. 3 undergraduate hours. 3 or 4 graduate hours. Prerequisite: CS 225.
",['CS225'],4
CS411_3,CS411,"Database Systems

Examination of the logical organization of databases: the entity-relationship model; the hierarchical, network, and relational data models and their languages. Functional dependencies and normal forms. Design, implementation, and optimization of query languages; security and integrity; concurrency control, and distributed database systems. 3 undergraduate hours. 3 or 4 graduate hours. Prerequisite: CS 225.
",['CS225'],3
CS411_4,CS411,"Database Systems

Examination of the logical organization of databases: the entity-relationship model; the hierarchical, network, and relational data models and their languages. Functional dependencies and normal forms. Design, implementation, and optimization of query languages; security and integrity; concurrency control, and distributed database systems. 3 undergraduate hours. 3 or 4 graduate hours. Prerequisite: CS 225.
",['CS225'],4
CS412_3,CS412,"Introduction to Data Mining

Concepts, techniques, and systems of data warehousing and data mining. Design and implementation of data warehouse and on-line analytical processing (OLAP) systems; data mining concepts, methods, systems, implementations, and applications. 3 undergraduate hours. 3 or 4 graduate hours. Prerequisite: CS 225.
",['CS225'],3
CS412_4,CS412,"Introduction to Data Mining

Concepts, techniques, and systems of data warehousing and data mining. Design and implementation of data warehouse and on-line analytical processing (OLAP) systems; data mining concepts, methods, systems, implementations, and applications. 3 undergraduate hours. 3 or 4 graduate hours. Prerequisite: CS 225.
",['CS225'],4
CS413_3,CS413,"Intro to Combinatorics

Same as MATH 413. See MATH 413.
",[],3
CS413_4,CS413,"Intro to Combinatorics

Same as MATH 413. See MATH 413.
",[],4
CS414_3,CS414,"Multimedia Systems

Organization and structure of modern multimedia systems; audio and video encoding; quality of service concepts; scheduling algorithms for multimedia within OS and networks multimedia protocols over high-speed networks; synchronization schemes, user-interface design; multimedia teleservices. 3 undergraduate hours. 3 or 4 graduate hours. Prerequisite: CS 241 or ECE 391.
","['CS241', 'ECE391']",3
CS414_4,CS414,"Multimedia Systems

Organization and structure of modern multimedia systems; audio and video encoding; quality of service concepts; scheduling algorithms for multimedia within OS and networks multimedia protocols over high-speed networks; synchronization schemes, user-interface design; multimedia teleservices. 3 undergraduate hours. 3 or 4 graduate hours. Prerequisite: CS 241 or ECE 391.
","['CS241', 'ECE391']",4
CS416_3,CS416,"Data Visualization

Elements of databases, computer graphics and perceptual psychology combined to utilize the human visual system to improve user understanding of large datasets. Topics include appropriate and effective selection and construction of charts, organization of dashboards, and design for user engagement and interaction. 3 undergraduate hours. 4 graduate hours. Prerequisite: CS 225.
",['CS225'],3
CS416_4,CS416,"Data Visualization

Elements of databases, computer graphics and perceptual psychology combined to utilize the human visual system to improve user understanding of large datasets. Topics include appropriate and effective selection and construction of charts, organization of dashboards, and design for user engagement and interaction. 3 undergraduate hours. 4 graduate hours. Prerequisite: CS 225.
",['CS225'],4
CS417_3,CS417,"Virtual Reality

Provides both a deep understanding of the fundamentals of virtual reality (VR) and practical experience implementing VR systems. Topics covered include visual and audio display technology, tracking, human perception and psychophysics, building user interfaces for VR, and analyzing VR experiences. 3 undergraduate hours. 4 graduate hours. Prerequisite: CS 225.
",['CS225'],3
CS417_4,CS417,"Virtual Reality

Provides both a deep understanding of the fundamentals of virtual reality (VR) and practical experience implementing VR systems. Topics covered include visual and audio display technology, tracking, human perception and psychophysics, building user interfaces for VR, and analyzing VR experiences. 3 undergraduate hours. 4 graduate hours. Prerequisite: CS 225.
",['CS225'],4
CS418_3,CS418,"Interactive Computer Graphics

Basic mathematical tools and computational techniques for modeling, rendering, and animating 3-D scenes. Same as CSE 427. 3 undergraduate hours. 3 or 4 graduate hours. Prerequisite: CS 225; One of MATH 225, MATH 257, MATH 415, MATH 416 or ASRM 406; MATH 241.
","['CS225', 'MATH225', 'MATH257', 'MATH415', 'MATH416', 'ASRM406', 'MATH241']",3
CS418_4,CS418,"Interactive Computer Graphics

Basic mathematical tools and computational techniques for modeling, rendering, and animating 3-D scenes. Same as CSE 427. 3 undergraduate hours. 3 or 4 graduate hours. Prerequisite: CS 225; One of MATH 225, MATH 257, MATH 415, MATH 416 or ASRM 406; MATH 241.
","['CS225', 'MATH225', 'MATH257', 'MATH415', 'MATH416', 'ASRM406', 'MATH241']",4
CS419_3,CS419,"Production Computer Graphics

Advanced methods for representing, displaying, and rendering two-, three-, and four-dimensional scenes. General algebraic curves and surfaces, splines, Gaussian and bump-function representation, fractals, particle systems, constructive solid geometry methods, lighting models, radiosity, advanced ray-tracing methods, surface texturing animation techniques, data visualization methods. 3 undergraduate hours. 3 or 4 graduate hours. Prerequisite: CS 418.
",['CS418'],3
CS419_4,CS419,"Production Computer Graphics

Advanced methods for representing, displaying, and rendering two-, three-, and four-dimensional scenes. General algebraic curves and surfaces, splines, Gaussian and bump-function representation, fractals, particle systems, constructive solid geometry methods, lighting models, radiosity, advanced ray-tracing methods, surface texturing animation techniques, data visualization methods. 3 undergraduate hours. 3 or 4 graduate hours. Prerequisite: CS 418.
",['CS418'],4
CS420_3,CS420,"Parallel Progrmg: Sci & Engrg

Fundamental issues in design and development of parallel programs for various types of parallel computers. Various programming models according to both machine type and application area. Cost models, debugging, and performance evaluation of parallel programs with actual application examples. Same as CSE 402 and ECE 492. 3 undergraduate hours. 3 or 4 graduate hours. Prerequisite: CS 225.
",['CS225'],3
CS420_4,CS420,"Parallel Progrmg: Sci & Engrg

Fundamental issues in design and development of parallel programs for various types of parallel computers. Various programming models according to both machine type and application area. Cost models, debugging, and performance evaluation of parallel programs with actual application examples. Same as CSE 402 and ECE 492. 3 undergraduate hours. 3 or 4 graduate hours. Prerequisite: CS 225.
",['CS225'],4
CS421_3,CS421,"Programming Languages & Compilers

Structure of programming languages and their implementation. Basic language design principles; abstract data types; functional languages; type systems; object-oriented languages. Basics of lexing, parsing, syntax-directed translation, semantic analysis, and code generation. 3 undergraduate hours. 3 or 4 graduate hours. Prerequisite: CS 233 or CS 240; CS 374; one of MATH 225, MATH 257, MATH 415, MATH 416, ASRM 406.
","['CS233', 'CS240', 'CS374', 'MATH225', 'MATH257', 'MATH415', 'MATH416', 'ASRM406']",3
CS421_4,CS421,"Programming Languages & Compilers

Structure of programming languages and their implementation. Basic language design principles; abstract data types; functional languages; type systems; object-oriented languages. Basics of lexing, parsing, syntax-directed translation, semantic analysis, and code generation. 3 undergraduate hours. 3 or 4 graduate hours. Prerequisite: CS 233 or CS 240; CS 374; one of MATH 225, MATH 257, MATH 415, MATH 416, ASRM 406.
","['CS233', 'CS240', 'CS374', 'MATH225', 'MATH257', 'MATH415', 'MATH416', 'ASRM406']",4
CS422_3,CS422,"Programming Language Design

Exploration of major language design paradigms using imperative and functional programming as unifying themes. Tools include both practical language processor construction and theoretical models. 3 undergraduate hours. 3 or 4 graduate hours. Prerequisite: CS 421.
",['CS421'],3
CS422_4,CS422,"Programming Language Design

Exploration of major language design paradigms using imperative and functional programming as unifying themes. Tools include both practical language processor construction and theoretical models. 3 undergraduate hours. 3 or 4 graduate hours. Prerequisite: CS 421.
",['CS421'],4
CS423_3,CS423,"Operating Systems Design

Organization and structure of modern operating systems and concurrent programming concepts. Deadlock, virtual memory, processor scheduling, and disk systems. Performance, security, and protection. Same as CSE 423. 3 undergraduate hours. 3 or 4 graduate hours. Prerequisite: CS 241 or ECE 391.
","['CS241', 'ECE391']",3
CS423_4,CS423,"Operating Systems Design

Organization and structure of modern operating systems and concurrent programming concepts. Deadlock, virtual memory, processor scheduling, and disk systems. Performance, security, and protection. Same as CSE 423. 3 undergraduate hours. 3 or 4 graduate hours. Prerequisite: CS 241 or ECE 391.
","['CS241', 'ECE391']",4
CS424_3,CS424,"Real-Time Systems

Supervisory control aspects of Cyber Physical Systems (CPS): fundamentals of reliability analysis, real-time scheduling, simple feedback control, software fault tolerance architecture, wireless networking and energy saving, principles of safety critical system engineering. Student groups design and demonstrate supervisory control architecture for a robot. 3 undergraduate hours. 3 or 4 graduate hours. Prerequisite: CS 241.
",['CS241'],3
CS424_4,CS424,"Real-Time Systems

Supervisory control aspects of Cyber Physical Systems (CPS): fundamentals of reliability analysis, real-time scheduling, simple feedback control, software fault tolerance architecture, wireless networking and energy saving, principles of safety critical system engineering. Student groups design and demonstrate supervisory control architecture for a robot. 3 undergraduate hours. 3 or 4 graduate hours. Prerequisite: CS 241.
",['CS241'],4
CS425_3,CS425,"Distributed Systems

Protocols, specification techniques, global states and their determination, reliable broadcast, transactions and commitment, security, and real-time systems. Same as ECE 428. 3 or 4 undergraduate hours. 3 or 4 graduate hours. Prerequisite: CS 241 or ECE 391.
","['CS241', 'ECE391']",3
CS425_4,CS425,"Distributed Systems

Protocols, specification techniques, global states and their determination, reliable broadcast, transactions and commitment, security, and real-time systems. Same as ECE 428. 3 or 4 undergraduate hours. 3 or 4 graduate hours. Prerequisite: CS 241 or ECE 391.
","['CS241', 'ECE391']",4
CS426_3,CS426,"Compiler Construction

Compiler structure, syntax analysis, syntax-directed translation, automatically constructed recognizers, semantic analysis, code generation, intermediate language, optimization techniques. 3 undergraduate hours. 3 or 4 graduate hours. Prerequisite: CS 421.
",['CS421'],3
CS426_4,CS426,"Compiler Construction

Compiler structure, syntax analysis, syntax-directed translation, automatically constructed recognizers, semantic analysis, code generation, intermediate language, optimization techniques. 3 undergraduate hours. 3 or 4 graduate hours. Prerequisite: CS 421.
",['CS421'],4
CS427_3,CS427,"Software Engineering I

Software process, analysis and design. Software development paradigms, system engineering, function-based analysis and design, and object-oriented analysis and design. Course will use team-projects for hands-on exercises. Same as CSE 426. 3 undergraduate hours. 3 or 4 graduate hours. Prerequisite: CS 241.
",['CS241'],3
CS427_4,CS427,"Software Engineering I

Software process, analysis and design. Software development paradigms, system engineering, function-based analysis and design, and object-oriented analysis and design. Course will use team-projects for hands-on exercises. Same as CSE 426. 3 undergraduate hours. 3 or 4 graduate hours. Prerequisite: CS 241.
",['CS241'],4
CS428_3,CS428,"Software Engineering II

Continuation of CS 427. Software development, management, and maintenance. Project and configuration management, collaborative development models, software quality assurance, interoperability domain engineering and software reuse, and software re-engineering. Same as CSE 429. 3 undergraduate hours. 3 or 4 graduate hours. Prerequisite: CS 427.
",['CS427'],3
CS428_4,CS428,"Software Engineering II

Continuation of CS 427. Software development, management, and maintenance. Project and configuration management, collaborative development models, software quality assurance, interoperability domain engineering and software reuse, and software re-engineering. Same as CSE 429. 3 undergraduate hours. 3 or 4 graduate hours. Prerequisite: CS 427.
",['CS427'],4
CS429_3,CS429,"Software Engineering II, ACP

Continuation of CS 427. Identical to CS 428 except for the additional writing component. See CS 428. 3 undergraduate hours. 3 graduate hours. Prerequisite: CS 427.This course satisfies the General Education Criteria for:Advanced Composition",['CS427'],3
CS431_3,CS431,"Embedded Systems

A survey of sampled data systems and embedded architecture; key concepts in common embedded system applications; signal processing and control; embedded microprocessor and device interface; time-critical I/O handling; data communications; real-time operating systems and techniques for the development and analysis of embedded real-time software; hands-on laboratory projects. 3 undergraduate hours. 3 or 4 graduate hours. Prerequisite: CS 241 or ECE 391.
","['CS241', 'ECE391']",3
CS431_4,CS431,"Embedded Systems

A survey of sampled data systems and embedded architecture; key concepts in common embedded system applications; signal processing and control; embedded microprocessor and device interface; time-critical I/O handling; data communications; real-time operating systems and techniques for the development and analysis of embedded real-time software; hands-on laboratory projects. 3 undergraduate hours. 3 or 4 graduate hours. Prerequisite: CS 241 or ECE 391.
","['CS241', 'ECE391']",4
CS433_3,CS433,"Computer System Organization

Computer hardware design and analysis and interface with software. Advanced processor design, including superscalar, out-of-order issue, branch prediction, and speculation. Memory hierarchy design, including advanced cache optimizations, main memory, and virtual memory. Principles of multiprocessor design, including shared-memory, cache coherence, synchronization, and consistency. Other advanced topics depending on time; e.g., GPUs and accelerators, warehouse computers and data centers, security. Same as CSE 422. 3 undergraduate hours. 4 graduate hours. Prerequisite: CS 233.
",['CS233'],3
CS433_4,CS433,"Computer System Organization

Computer hardware design and analysis and interface with software. Advanced processor design, including superscalar, out-of-order issue, branch prediction, and speculation. Memory hierarchy design, including advanced cache optimizations, main memory, and virtual memory. Principles of multiprocessor design, including shared-memory, cache coherence, synchronization, and consistency. Other advanced topics depending on time; e.g., GPUs and accelerators, warehouse computers and data centers, security. Same as CSE 422. 3 undergraduate hours. 4 graduate hours. Prerequisite: CS 233.
",['CS233'],4
CS434_3,CS434,"Mobile Computing & Application

Same as ECE 434. See ECE 434.
",[],3
CS434_4,CS434,"Mobile Computing & Application

Same as ECE 434. See ECE 434.
",[],4
CS435_3,CS435,"Cloud Networking

Provides a foundational view of computer networks with a focus on enabling modern large-scale cloud computing. The first part of this course studies the principles upon which the Internet and other networks are built, and how those principles translate into deployed protocols. The second part covers how those principles are applied in network infrastructure for modern clouds, enabling deployment of virtual networks on shared infrastructure, efficient transfer of big data and low latency communication, and federation of applications across countries and continents. 3 undergraduate hours. 4 graduate hours. Credit is not given for both CS 435 and CS 438/ECE 438. Prerequisite: One of CS 240, CS 241 or ECE 391.
","['CS240', 'CS241', 'ECE391']",3
CS435_4,CS435,"Cloud Networking

Provides a foundational view of computer networks with a focus on enabling modern large-scale cloud computing. The first part of this course studies the principles upon which the Internet and other networks are built, and how those principles translate into deployed protocols. The second part covers how those principles are applied in network infrastructure for modern clouds, enabling deployment of virtual networks on shared infrastructure, efficient transfer of big data and low latency communication, and federation of applications across countries and continents. 3 undergraduate hours. 4 graduate hours. Credit is not given for both CS 435 and CS 438/ECE 438. Prerequisite: One of CS 240, CS 241 or ECE 391.
","['CS240', 'CS241', 'ECE391']",4
CS436_3,CS436,"Computer Networking Laboratory

Design, application, analysis, and deployment of communication protocols and system software behind modern cloud/compute/network infrastructures. Students learn the internals of modern system infrastructures, including operating system networking kernels, cloud application service code, and firewall and router configuration. Students will gain experience with widely-used and production-grade code and systems, such as Cisco IOS, the Linux networking stack, and Amazon Web Services. This class links theory with practice to prepare students to confidently carry out tasks they will commonly encounter in industry, such as building an enterprise network, deploying a large-scale cloud service, or implementing a new network protocol. Same as ECE 435. 3 undergraduate hours. 3 or 4 graduate hours. Prerequisite: CS 241 or ECE 391.
","['CS241', 'ECE391']",3
CS436_4,CS436,"Computer Networking Laboratory

Design, application, analysis, and deployment of communication protocols and system software behind modern cloud/compute/network infrastructures. Students learn the internals of modern system infrastructures, including operating system networking kernels, cloud application service code, and firewall and router configuration. Students will gain experience with widely-used and production-grade code and systems, such as Cisco IOS, the Linux networking stack, and Amazon Web Services. This class links theory with practice to prepare students to confidently carry out tasks they will commonly encounter in industry, such as building an enterprise network, deploying a large-scale cloud service, or implementing a new network protocol. Same as ECE 435. 3 undergraduate hours. 3 or 4 graduate hours. Prerequisite: CS 241 or ECE 391.
","['CS241', 'ECE391']",4
CS438_3,CS438,"Communication Networks

Layered architectures and the OSI Reference Model; design issues and protocols in the transport, network, and data link layers; architectures and control algorithms of local-area, point-to-point, and satellite networks; standards in networks access protocols; models of network interconnection; overview of networking and communication software. Same as ECE 438. 3 undergraduate hours. 3 or 4 graduate hours. Prerequisite: CS 241 or ECE 391; one of ECE 313, MATH 461, MATH 463.
","['CS241', 'ECE391', 'ECE313', 'MATH461', 'MATH463']",3
CS438_4,CS438,"Communication Networks

Layered architectures and the OSI Reference Model; design issues and protocols in the transport, network, and data link layers; architectures and control algorithms of local-area, point-to-point, and satellite networks; standards in networks access protocols; models of network interconnection; overview of networking and communication software. Same as ECE 438. 3 undergraduate hours. 3 or 4 graduate hours. Prerequisite: CS 241 or ECE 391; one of ECE 313, MATH 461, MATH 463.
","['CS241', 'ECE391', 'ECE313', 'MATH461', 'MATH463']",4
CS439_3,CS439,"Wireless Networks

Same as ECE 439. See ECE 439.
",[],3
CS439_4,CS439,"Wireless Networks

Same as ECE 439. See ECE 439.
",[],4
CS440_3,CS440,"Artificial Intelligence

Major topics in and directions of research in artificial intelligence: basic problem solving techniques, knowledge representation and computer inference, machine learning, natural language understanding, computer vision, robotics, and societal impacts. Same as ECE 448. 3 undergraduate hours. 3 or 4 graduate hours. Prerequisite: CS 225.
",['CS225'],3
CS440_4,CS440,"Artificial Intelligence

Major topics in and directions of research in artificial intelligence: basic problem solving techniques, knowledge representation and computer inference, machine learning, natural language understanding, computer vision, robotics, and societal impacts. Same as ECE 448. 3 undergraduate hours. 3 or 4 graduate hours. Prerequisite: CS 225.
",['CS225'],4
CS441_3,CS441,"Applied Machine Learning

Techniques of machine learning to various signal problems: regression, including linear regression, multiple regression, regression forest and nearest neighbors regression; classification with various methods, including logistic regression, support vector machines, nearest neighbors, simple boosting and decision forests; clustering with various methods, including basic agglomerative clustering and k-means; resampling methods, including cross-validation and the bootstrap; model selection methods, including AIC, stepwise selection and the lasso; hidden Markov models; model estimation in the presence of missing variables; and neural networks, including deep networks. The course will focus on tool-oriented and problem-oriented exposition. Application areas include computer vision, natural language, interpreting accelerometer data, and understanding audio data. 3 undergraduate hours. 3 or 4 graduate hours. Prerequisite: CS 225 and CS 361.
","['CS225', 'CS361']",3
CS441_4,CS441,"Applied Machine Learning

Techniques of machine learning to various signal problems: regression, including linear regression, multiple regression, regression forest and nearest neighbors regression; classification with various methods, including logistic regression, support vector machines, nearest neighbors, simple boosting and decision forests; clustering with various methods, including basic agglomerative clustering and k-means; resampling methods, including cross-validation and the bootstrap; model selection methods, including AIC, stepwise selection and the lasso; hidden Markov models; model estimation in the presence of missing variables; and neural networks, including deep networks. The course will focus on tool-oriented and problem-oriented exposition. Application areas include computer vision, natural language, interpreting accelerometer data, and understanding audio data. 3 undergraduate hours. 3 or 4 graduate hours. Prerequisite: CS 225 and CS 361.
","['CS225', 'CS361']",4
CS445_3,CS445,"Computational Photography

Computer vision techniques to enhance, manipulate, and create media from photo collections, such as panoramic stitching, face morphing, texture synthesis, blending, and 3D reconstruction. 3 undergraduate hours. 3 or 4 graduate hours. Prerequisite: CS 225, MATH 225, and MATH 231.
","['CS225', 'MATH225', 'MATH231']",3
CS445_4,CS445,"Computational Photography

Computer vision techniques to enhance, manipulate, and create media from photo collections, such as panoramic stitching, face morphing, texture synthesis, blending, and 3D reconstruction. 3 undergraduate hours. 3 or 4 graduate hours. Prerequisite: CS 225, MATH 225, and MATH 231.
","['CS225', 'MATH225', 'MATH231']",4
CS446_3,CS446,"Machine Learning

Principles and applications of machine learning. Main paradigms and techniques, including discriminative and generative methods, reinforcement learning: linear regression, logistic regression, support vector machines, deep nets, structured methods, dimensionality reduction, k-means, Gaussian mixtures, expectation maximization, Markov decision processes, and Q-learning. Application areas such as natural language and text understanding, speech recognition, computer vision, data mining, and adaptive computer systems, among others. Same as ECE 449. 3 undergraduate hours. 3 or 4 graduate hours. Prerequisite: CS 225; One of MATH 225, MATH 257, MATH 415, MATH 416 or ASRM 406; One of CS 361, ECE 313, MATH 461 or STAT 400.
","['CS225', 'MATH225', 'MATH257', 'MATH415', 'MATH416', 'ASRM406', 'CS361', 'ECE313', 'MATH461', 'STAT400']",3
CS446_4,CS446,"Machine Learning

Principles and applications of machine learning. Main paradigms and techniques, including discriminative and generative methods, reinforcement learning: linear regression, logistic regression, support vector machines, deep nets, structured methods, dimensionality reduction, k-means, Gaussian mixtures, expectation maximization, Markov decision processes, and Q-learning. Application areas such as natural language and text understanding, speech recognition, computer vision, data mining, and adaptive computer systems, among others. Same as ECE 449. 3 undergraduate hours. 3 or 4 graduate hours. Prerequisite: CS 225; One of MATH 225, MATH 257, MATH 415, MATH 416 or ASRM 406; One of CS 361, ECE 313, MATH 461 or STAT 400.
","['CS225', 'MATH225', 'MATH257', 'MATH415', 'MATH416', 'ASRM406', 'CS361', 'ECE313', 'MATH461', 'STAT400']",4
CS447_3,CS447,"Natural Language Processing

Part-of-speech tagging, parsing, semantic analysis and machine translation. Relevant linguistics concepts from morphology (word formation) and lexical semantics (the meaning of words) to syntax (sentence structure) and compositional semantics (the meaning of sentences). 3 undergraduate hours. 3 or 4 graduate hours. Credit is not given for both CS 447 and LING 406. Prerequisite: CS 374.
",['CS374'],3
CS447_4,CS447,"Natural Language Processing

Part-of-speech tagging, parsing, semantic analysis and machine translation. Relevant linguistics concepts from morphology (word formation) and lexical semantics (the meaning of words) to syntax (sentence structure) and compositional semantics (the meaning of sentences). 3 undergraduate hours. 3 or 4 graduate hours. Credit is not given for both CS 447 and LING 406. Prerequisite: CS 374.
",['CS374'],4
CS448_3,CS448,"Audio Computing Laboratory

Computational foundations of modern audio applications: theory of audio processing for implementation of applications such as room and 3D/virtual audio rendering, pitch manipulations and autotuning, denoising for communications and forensics, audio classification, music information retrieval based on audio, rudimentary speech recognition, speech and audio coding, applications of machine learning to audio scene recognition, audio restoration, missing data recovery, and many more. This will be a lab-like course in which students collectively implement a variety of core audio operations that are commonplace today. Students will be required to bring to class their laptops and headphones to participate in lab exercises. 3 undergraduate hours. 3 or 4 graduate hours. Prerequisite: CS 241 or ECE 391; one of MATH 225, MATH 257, MATH 415, MATH 416 or ASRM 406.
","['CS241', 'ECE391', 'MATH225', 'MATH257', 'MATH415', 'MATH416', 'ASRM406']",3
CS448_4,CS448,"Audio Computing Laboratory

Computational foundations of modern audio applications: theory of audio processing for implementation of applications such as room and 3D/virtual audio rendering, pitch manipulations and autotuning, denoising for communications and forensics, audio classification, music information retrieval based on audio, rudimentary speech recognition, speech and audio coding, applications of machine learning to audio scene recognition, audio restoration, missing data recovery, and many more. This will be a lab-like course in which students collectively implement a variety of core audio operations that are commonplace today. Students will be required to bring to class their laptops and headphones to participate in lab exercises. 3 undergraduate hours. 3 or 4 graduate hours. Prerequisite: CS 241 or ECE 391; one of MATH 225, MATH 257, MATH 415, MATH 416 or ASRM 406.
","['CS241', 'ECE391', 'MATH225', 'MATH257', 'MATH415', 'MATH416', 'ASRM406']",4
CS450_3,CS450,"Numerical Analysis

Linear system solvers, optimization techniques, interpolation and approximation of functions, solving systems of nonlinear equations, eigenvalue problems, least squares, and quadrature; numerical handling of ordinary and partial differential equations. Same as CSE 401, ECE 491, and MATH 450. 3 undergraduate hours. 3 or 4 graduate hours. Credit is not given for both CS 450 and CS 457. Prerequisite: One of CS 101 or CS 125; one of CS 357, MATH 257, MATH 415, or MATH 416; MATH 285.
","['CS101', 'CS125', 'CS357', 'MATH257', 'MATH415', 'MATH416', 'MATH285']",3
CS450_4,CS450,"Numerical Analysis

Linear system solvers, optimization techniques, interpolation and approximation of functions, solving systems of nonlinear equations, eigenvalue problems, least squares, and quadrature; numerical handling of ordinary and partial differential equations. Same as CSE 401, ECE 491, and MATH 450. 3 undergraduate hours. 3 or 4 graduate hours. Credit is not given for both CS 450 and CS 457. Prerequisite: One of CS 101 or CS 125; one of CS 357, MATH 257, MATH 415, or MATH 416; MATH 285.
","['CS101', 'CS125', 'CS357', 'MATH257', 'MATH415', 'MATH416', 'MATH285']",4
CS457_3,CS457,"Numerical Methods II

Continuation of CS 357. Orthogonalization methods for least squares, Krylov subspace methods, non-linear equations and optimization in multiple dimensions, initial and boundary value problems for ordinary and partial differential equations. 3 undergraduate hours. No graduate credit. Credit is not given for both CS 457 and CS 450. Prerequisite: CS 357.
",['CS357'],3
CS460_3,CS460,"Security Laboratory

Operating systems security: access control, least privilege mechanism and malware techniques. Network security: firewalls, sniffing, tunnels, intrusion detection, AAA and worm structure. System security: forensics security architectures, and attack/defend exercises. Complements CS 461 via hands-on project. Same as ECE 419. 3 undergraduate hours. 3 or 4 graduate hours. Prerequisite: CS 461.
",['CS461'],3
CS460_4,CS460,"Security Laboratory

Operating systems security: access control, least privilege mechanism and malware techniques. Network security: firewalls, sniffing, tunnels, intrusion detection, AAA and worm structure. System security: forensics security architectures, and attack/defend exercises. Complements CS 461 via hands-on project. Same as ECE 419. 3 undergraduate hours. 3 or 4 graduate hours. Prerequisite: CS 461.
",['CS461'],4
CS461_4,CS461,"Computer Security I

Fundamental principles of computer and communications security and information assurance: ethics, privacy, notions of threat, vulnerabilities, and risk in systems, information warfare, malicious software, data secrecy and integrity issues, network security, trusted computing, mandatory and discretionary access controls, certification and accreditation of systems against security standards. Security mechanisms: authentication, auditing, intrusion detection, access control, cryptography, security protocols, key distribution. Same as ECE 422. 4 undergraduate hours. 4 graduate hours. Prerequisite: CS 241 or ECE 391.
","['CS241', 'ECE391']",4
CS463_3,CS463,"Computer Security II

Program security, trusted base, privacy, anonymity, non-interference, information flow, confinement, advanced auditing, forensics, intrusion detection, key management and distribution, policy composition and analysis, formal approaches to specification and verification of secure systems and protocols, and topics in applied cryptography. Same as ECE 424. 3 undergraduate hours. 3 or 4 graduate hours. Prerequisite: CS 461. Recommended: CS 475.
","['CS461', 'CS475']",3
CS463_4,CS463,"Computer Security II

Program security, trusted base, privacy, anonymity, non-interference, information flow, confinement, advanced auditing, forensics, intrusion detection, key management and distribution, policy composition and analysis, formal approaches to specification and verification of secure systems and protocols, and topics in applied cryptography. Same as ECE 424. 3 undergraduate hours. 3 or 4 graduate hours. Prerequisite: CS 461. Recommended: CS 475.
","['CS461', 'CS475']",4
CS464_3,CS464,"Topics in Societal and Ethical Impacts of Computer Technology

Topics selected from key current areas of impact of computer technology on aspects of society and ethics such as: freedom versus the rule of law in cyberspace; social discourse; privacy; livelihoods and automation; fairness; security; political change; business models; technology divide. 3 undergraduate hours. No graduate credit. May be repeated if topics vary. Credit is not given towards a degree from multiple offerings of this course, if those offerings have significant overlap, as determined by the CS department. Prerequisite: CS 225. One of CS 210 or CS 211 or ECE 316 or PHIL 316. One of CS 361 or STAT 400 or STAT 200. Restricted to students with senior standing.
","['CS225', 'CS210', 'CS211', 'ECE316', 'PHIL316', 'CS361', 'STAT400', 'STAT200']",3
CS465_3,CS465,"User Interface Design

A project-focused course covering fundamental principles of user interface design, implementation, and evaluation. Small teams work on a term-long project that involves: analysis of the problem domain, user skills, and tasks; iterative prototyping of interfaces to address user needs; conducting several forms of evaluation such as cognitive walkthroughs and usability tests; implementation of the final prototype. Non-technical majors may enroll as non-programmers who participate in all aspects of the projects with the possible exception of implementation. 3 undergraduate hours. 3 or 4 graduate hours. Prerequisite: CS 225.
",['CS225'],3
CS465_4,CS465,"User Interface Design

A project-focused course covering fundamental principles of user interface design, implementation, and evaluation. Small teams work on a term-long project that involves: analysis of the problem domain, user skills, and tasks; iterative prototyping of interfaces to address user needs; conducting several forms of evaluation such as cognitive walkthroughs and usability tests; implementation of the final prototype. Non-technical majors may enroll as non-programmers who participate in all aspects of the projects with the possible exception of implementation. 3 undergraduate hours. 3 or 4 graduate hours. Prerequisite: CS 225.
",['CS225'],4
CS466_3,CS466,"Introduction to Bioinformatics

Algorithmic approaches in bioinformatics: (i) biological problems that can be solved computationally (e.g., discovering genes, and interactions among different genes and proteins); (ii) algorithmic techniques with wide applicability in solving these problems (e.g., dynamic programming and probabilistic methods); (iii) practical issues in translating the basic algorithmic ideas into accurate and efficient tools that biologists may use. 3 undergraduate hours. 3 or 4 graduate hours. Prerequisite: CS 225.
",['CS225'],3
CS466_4,CS466,"Introduction to Bioinformatics

Algorithmic approaches in bioinformatics: (i) biological problems that can be solved computationally (e.g., discovering genes, and interactions among different genes and proteins); (ii) algorithmic techniques with wide applicability in solving these problems (e.g., dynamic programming and probabilistic methods); (iii) practical issues in translating the basic algorithmic ideas into accurate and efficient tools that biologists may use. 3 undergraduate hours. 3 or 4 graduate hours. Prerequisite: CS 225.
",['CS225'],4
CS467_3,CS467,"Social Visualization

Visualizing social interaction in networked spaces: investigation of patterns in networked communications systems such as messaging (email, instant messaging), social networking sites and collaborative sites; social network theory and visualizations; exploration of how to move beyond existing visualization techniques; visualizing the network identity over compilations of online data. 3 undergraduate hours. 3 or 4 graduate hours. Prerequisite: CS 225.
",['CS225'],3
CS467_4,CS467,"Social Visualization

Visualizing social interaction in networked spaces: investigation of patterns in networked communications systems such as messaging (email, instant messaging), social networking sites and collaborative sites; social network theory and visualizations; exploration of how to move beyond existing visualization techniques; visualizing the network identity over compilations of online data. 3 undergraduate hours. 3 or 4 graduate hours. Prerequisite: CS 225.
",['CS225'],4
CS468_3,CS468,"Tech and Advertising Campaigns

Same as ADV 492. See ADV 492.
",[],3
CS473_4,CS473,"Algorithms

Design and analysis techniques, approximation algorithms, randomized algorithms and amortized analysis, and advanced topics such as network flow, linear programming, and dynamic data structures, among others. Same as CSE 414 and MATH 473. 4 undergraduate hours. 4 graduate hours. Prerequisite: CS 374, and one of CS 361, MATH 461, or STAT 400.
","['CS374', 'CS361', 'MATH461', 'STAT400']",4
CS474_3,CS474,"Logic in Computer Science

An introduction to mathematical logic from the perspective of computer science, emphasizing both computable aspects of logic, especially automated reasoning, as well as applications of logic to computer science in artificial intelligence, databases, formal methods, and theoretical computer science. Prepares students to use logic as a formal tool to solve problems in computer science and AI. Topics include: syntax, semantics and proofs for propositional and first order logic, the decidable logics and efficient realizations in terms of SAT/SMT solvers, decision and semi-decision procedures for first order logic and several first order logic theories, finite model theory and descriptive complexity. Additional topics include: connections between logic and machine learning, higher order logics, applications of logic to program verification, applications of logic in knowledge representation, proof complexity, modal and temporal logic, Courcelleâ€™s theorem and its applications in parameterized complexity, logic and its role in automatic program synthesis, connections between logic and database query languages. 3 undergraduate hours. 3 or 4 graduate hours. Prerequisite: CS 173, CS 225, CS 374.
","['CS173', 'CS225', 'CS374']",3
CS474_4,CS474,"Logic in Computer Science

An introduction to mathematical logic from the perspective of computer science, emphasizing both computable aspects of logic, especially automated reasoning, as well as applications of logic to computer science in artificial intelligence, databases, formal methods, and theoretical computer science. Prepares students to use logic as a formal tool to solve problems in computer science and AI. Topics include: syntax, semantics and proofs for propositional and first order logic, the decidable logics and efficient realizations in terms of SAT/SMT solvers, decision and semi-decision procedures for first order logic and several first order logic theories, finite model theory and descriptive complexity. Additional topics include: connections between logic and machine learning, higher order logics, applications of logic to program verification, applications of logic in knowledge representation, proof complexity, modal and temporal logic, Courcelleâ€™s theorem and its applications in parameterized complexity, logic and its role in automatic program synthesis, connections between logic and database query languages. 3 undergraduate hours. 3 or 4 graduate hours. Prerequisite: CS 173, CS 225, CS 374.
","['CS173', 'CS225', 'CS374']",4
CS475_3,CS475,"Formal Models of Computation

Finite automata and regular languages; pushdown automata and context-free languages; Turing machines and recursively enumerable sets; linear-bounded automata and context-sensitive languages; computability and the halting problem; undecidable problems; recursive functions; Chomsky hierarchy; computational complexity. Same as MATH 475. 3 undergraduate hours. 3 or 4 graduate hours. Prerequisite: CS 374.
",['CS374'],3
CS475_4,CS475,"Formal Models of Computation

Finite automata and regular languages; pushdown automata and context-free languages; Turing machines and recursively enumerable sets; linear-bounded automata and context-sensitive languages; computability and the halting problem; undecidable problems; recursive functions; Chomsky hierarchy; computational complexity. Same as MATH 475. 3 undergraduate hours. 3 or 4 graduate hours. Prerequisite: CS 374.
",['CS374'],4
CS476_3,CS476,"Program Verification

Formal methods for demonstrating correctness and other properties of programs. Invariant assertions; Hoare axiomatics; well-founded orderings for proving termination; structural induction; computational induction; data structures; parallel programs; overview of predicate calculus. 3 undergraduate hours. 3 or 4 graduate hours. Prerequisite: CS 225; CS 374 or MATH 414.
","['CS225', 'CS374', 'MATH414']",3
CS476_4,CS476,"Program Verification

Formal methods for demonstrating correctness and other properties of programs. Invariant assertions; Hoare axiomatics; well-founded orderings for proving termination; structural induction; computational induction; data structures; parallel programs; overview of predicate calculus. 3 undergraduate hours. 3 or 4 graduate hours. Prerequisite: CS 225; CS 374 or MATH 414.
","['CS225', 'CS374', 'MATH414']",4
CS477_3,CS477,"Formal Software Development Methods

Mathematical models, languages, and methods for software specification, development, and verification. Same as ECE 478. 3 undergraduate hours. 3 or 4 graduate hours. Prerequisite: CS 225; CS 374 or MATH 414.
","['CS225', 'CS374', 'MATH414']",3
CS477_4,CS477,"Formal Software Development Methods

Mathematical models, languages, and methods for software specification, development, and verification. Same as ECE 478. 3 undergraduate hours. 3 or 4 graduate hours. Prerequisite: CS 225; CS 374 or MATH 414.
","['CS225', 'CS374', 'MATH414']",4
CS481_3,CS481,"Advanced Topics in Stochastic Processes & Applications

Same as IE 410. See IE 410.
",[],3
CS481_4,CS481,"Advanced Topics in Stochastic Processes & Applications

Same as IE 410. See IE 410.
",[],4
CS482_3,CS482,"Simulation

Same as IE 413. See IE 413.
",[],3
CS482_4,CS482,"Simulation

Same as IE 413. See IE 413.
",[],4
CS483_4,CS483,"Applied Parallel Programming

Same as CSE 408 and ECE 408. See ECE 408.
",[],4
CS484_3,CS484,"Parallel Programming

Techniques for the programming of all classes of parallel computers and devices including shared memory and distributed memory multiprocessors, SIMD processors and co-processors, and special purpose devices. Key concepts in parallel programming such as reactive and transformational programming, speculation, speedup, isoefficiency, and load balancing. Synchronization primitives, libraries and languages for parallel programming such as OpenMP and MPI, performance monitoring, program tuning, analysis and programming of numerical and symbolic parallel algorithms. 3 undergraduate hours. 3 or 4 graduate hours. Prerequisite: CS 241.
",['CS241'],3
CS484_4,CS484,"Parallel Programming

Techniques for the programming of all classes of parallel computers and devices including shared memory and distributed memory multiprocessors, SIMD processors and co-processors, and special purpose devices. Key concepts in parallel programming such as reactive and transformational programming, speculation, speedup, isoefficiency, and load balancing. Synchronization primitives, libraries and languages for parallel programming such as OpenMP and MPI, performance monitoring, program tuning, analysis and programming of numerical and symbolic parallel algorithms. 3 undergraduate hours. 3 or 4 graduate hours. Prerequisite: CS 241.
",['CS241'],4
CS491_0,CS491,"Seminar

Seminar on topics of current interest as announced in the Class Schedule. 0 to 4 undergraduate hours. 0 to 4 graduate hours. Approved for S/U grading only. May be repeated in the same or separate terms if topics vary to a maximum of 4 hours. Prerequisite: As specified for each topic offering, see Class Schedule or departmental course description.
",[],0
CS491_1,CS491,"Seminar

Seminar on topics of current interest as announced in the Class Schedule. 0 to 4 undergraduate hours. 0 to 4 graduate hours. Approved for S/U grading only. May be repeated in the same or separate terms if topics vary to a maximum of 4 hours. Prerequisite: As specified for each topic offering, see Class Schedule or departmental course description.
",[],1
CS491_2,CS491,"Seminar

Seminar on topics of current interest as announced in the Class Schedule. 0 to 4 undergraduate hours. 0 to 4 graduate hours. Approved for S/U grading only. May be repeated in the same or separate terms if topics vary to a maximum of 4 hours. Prerequisite: As specified for each topic offering, see Class Schedule or departmental course description.
",[],2
CS491_3,CS491,"Seminar

Seminar on topics of current interest as announced in the Class Schedule. 0 to 4 undergraduate hours. 0 to 4 graduate hours. Approved for S/U grading only. May be repeated in the same or separate terms if topics vary to a maximum of 4 hours. Prerequisite: As specified for each topic offering, see Class Schedule or departmental course description.
",[],3
CS491_4,CS491,"Seminar

Seminar on topics of current interest as announced in the Class Schedule. 0 to 4 undergraduate hours. 0 to 4 graduate hours. Approved for S/U grading only. May be repeated in the same or separate terms if topics vary to a maximum of 4 hours. Prerequisite: As specified for each topic offering, see Class Schedule or departmental course description.
",[],4
CS492_3,CS492,"Senior Project I

First part of a project course in computer science. Students work in teams to solve typical commercial or industrial problems. Work involves planning, design, and implementation. Extensive oral and written work is required both on-campus and possibly off-campus at sponsors' locations. CS 492 must be taken as a sequence with either CS 493 or CS 494. 3 undergraduate hours. No graduate credit. Credit is not given for both CS 492 and a project course in another engineering department for the same project. Prerequisite: For Computer Science majors with senior standing.
",[],3
CS493_3,CS493,"Senior Project II, ACP

Continuation of CS 492. Identical to CS 494 except for an additional writing component. See CS 494. 3 undergraduate hours. No graduate credit. Credit is not given for both CS 493 and a project course in another engineering department for the same project. Prerequisite: CS 492.This course satisfies the General Education Criteria for:Advanced Composition",['CS492'],3
CS494_3,CS494,"Senior Project II

Continuation of CS 492. 3 undergraduate hours. No graduate credit. Credit is not given for both CS 494 and a project course in another engineering department for the same project. Prerequisite: CS 492.
",['CS492'],3
CS497_1,CS497,"CS Team Project

Student teams work with CS faculty to complete a significant project requiring advanced knowledge of CS principles. Project topics vary. 1 to 3 undergraduate hours. No graduate credit. May be repeated in the same term up to 6 hours, if topics vary; may be repeated in separate terms. Prerequisite: For majors only; junior or senior standing required.
",[],1
CS497_2,CS497,"CS Team Project

Student teams work with CS faculty to complete a significant project requiring advanced knowledge of CS principles. Project topics vary. 1 to 3 undergraduate hours. No graduate credit. May be repeated in the same term up to 6 hours, if topics vary; may be repeated in separate terms. Prerequisite: For majors only; junior or senior standing required.
",[],2
CS497_3,CS497,"CS Team Project

Student teams work with CS faculty to complete a significant project requiring advanced knowledge of CS principles. Project topics vary. 1 to 3 undergraduate hours. No graduate credit. May be repeated in the same term up to 6 hours, if topics vary; may be repeated in separate terms. Prerequisite: For majors only; junior or senior standing required.
",[],3
CS498_1,CS498,"Special Topics

Subject offerings of new and developing areas of knowledge in computer science intended to augment the existing curriculum. See Class Schedule or departmental course information for topics and prerequisites. 1 to 4 undergraduate hours. 1 to 4 graduate hours. May be repeated in the same or separate terms if topics vary.
",[],1
CS498_2,CS498,"Special Topics

Subject offerings of new and developing areas of knowledge in computer science intended to augment the existing curriculum. See Class Schedule or departmental course information for topics and prerequisites. 1 to 4 undergraduate hours. 1 to 4 graduate hours. May be repeated in the same or separate terms if topics vary.
",[],2
CS498_3,CS498,"Special Topics

Subject offerings of new and developing areas of knowledge in computer science intended to augment the existing curriculum. See Class Schedule or departmental course information for topics and prerequisites. 1 to 4 undergraduate hours. 1 to 4 graduate hours. May be repeated in the same or separate terms if topics vary.
",[],3
CS498_4,CS498,"Special Topics

Subject offerings of new and developing areas of knowledge in computer science intended to augment the existing curriculum. See Class Schedule or departmental course information for topics and prerequisites. 1 to 4 undergraduate hours. 1 to 4 graduate hours. May be repeated in the same or separate terms if topics vary.
",[],4
CS499_3,CS499,"Senior Thesis

Research and thesis development experience in computer science underguidance of a faculty member. Literature search, oral presentation, analysis and implementation, paper preparation, and completion of a written thesis. 3 undergraduate hours. No graduate credit. May be repeated to a maximum of 6 hours. Prerequisite: Consent of instructor.This course satisfies the General Education Criteria for:Advanced Composition",[],3
CS500_4,CS500,"Current Topics in Computing Education Research

Current research topics and theories in Computers and Education with an emphasis on learning theories such as constructivism, behaviorism, cognitivism, knowledge-in-pieces, test-potentiated learning, and transfer of learning. These theories will be applied to understanding how students learn computing topics such as programming and theoretical computing. These topics will be applied through the design of ethically responsible educational research studies. The course will culminate in students writing a research proposal or conference-style research paper based upon pilot data. 4 graduate hours. No professional credit. May be repeated if topics vary. Credit towards a degree from multiple offerings of this course is not given if those offerings have significant overlap, as determined by the CS department.
",[],4
CS508_4,CS508,"Manycore Parallel Algorithms

Same as ECE 508. See ECE 508.
",[],4
CS510_4,CS510,"Advanced Information Retrieval

Advanced concepts, models, and algorithms in information retrieval and major recent developments in the field, including historical milestones in information retrieval research, evaluation methodology, vector space retrieval model, probabilistic retrieval models, learning to rank algorithms, probabilistic topic models, information retrieval systems, text analytics, and topics of research frontiers in information retrieval. 4 graduate hours. No professional credit. Prerequisite: One of CS 410, CS 412, CS 446 or LING 406.
","['CS410', 'CS412', 'CS446', 'LING406']",4
CS511_4,CS511,"Advanced Data Management

Advanced concepts in data management and information system design and implementation, and recent developments in the field. 1) Relational roots, objects and extensibility, query languages, data indexing, query processing, transaction processing, benchmarks, and 2) semi-structured data and unstructured data, information extraction, information integration, web search and mining, and other emerging directions in the field. Prerequisite: CS 411.
",['CS411'],4
CS512_4,CS512,"Data Mining Principles

An advanced course on principles and algorithms of data mining. Data cleaning and integration; descriptive and predictive mining; mining frequent, sequential, and structured patterns; clustering, outlier analysis and fraud detection; stream data, web, text, and biomedical data mining; security and privacy in data mining; research frontiers. Prerequisite: CS 412.
",['CS412'],4
CS513_4,CS513,"Theory & Practice of Data Cleaning

Same as IS 537. See IS 537.
",[],4
CS514_4,CS514,"Advanced Topics in Network Science

We shall discuss classic and recent research in network analysis. Advanced topics include individual decision-making models, game theory, mechanism design, social choice, social signal design, diffusion of behavior on a network, choice architecture, network models, network mining algorithms and applications. 4 graduate hours. No professional credit. May be repeated if topics vary. Credit is not given towards a degree from multiple offerings of this course, if those offerings have significant overlap, as determined by the CS department. Prerequisite: CS 412, CS 446. Additional prerequisites or corequisites may be specified each term. See section information.
","['CS412', 'CS446']",4
CS519_4,CS519,"Scientific Visualization

Visualization techniques useful in analysis of engineering and scientific data. Physical models; methods of computational science; two- and three-dimensional data types; visual representation schemes for scalar, vector, and tensor data; isosurface and volume visualization methods; visual monitoring; interactive steering. Same as CSE 527. Prerequisite: CS 418.
",['CS418'],4
CS521_4,CS521,"Advanced Topics in Programming Systems

Advanced topics in building and verifying software systems, selected from areas of current research such as: model checking and automated verification, testing and automated test generation, program synthesis, runtime verification, machine learning and its applications in the design of verified systems, formal analysis of machine learning algorithms, principles of programming languages and type systems. 4 graduate hours. No professional credit. May be repeated if topics vary. Credit is not given towards a degree from multiple offerings of this course if those offerings have significant overlap, as determined by the CS department. Prerequisite: CS 374, CS 421. Additional prerequisites or corequisites may be specified each term. See section information.
","['CS374', 'CS421']",4
CS522_4,CS522,"Programming Language Semantics

Theory of programming languages including functional programming, meta-circular interpreters, typed, untyped and polymorphic lambda-calculi, and denotational semantics. Prerequisite: CS 422 and CS 426.
","['CS422', 'CS426']",4
CS523_4,CS523,"Advanced Operating Systems

Advanced concepts in operating system design and coverage of recent research directions. Resource management for parallel and distributed systems. Interaction between operating system design and computer architectures. Process management, virtual memory, interprocess communication, context switching, parallel and distributed file system designs, persistent objects, process and data migration, load balancing, security, protection. Term projects. Prerequisite: CS 423, CS 425, and CS 433.
","['CS423', 'CS425', 'CS433']",4
CS524_4,CS524,"Concurrent Progrmg Languages

Theory of concurrency and concurrent programming languages. Formal models of concurrent computation such as process algebras, nets, and actors; high level concurrent programming languages and their operational semantics; methods for reasoning about correctness and complexity of concurrent programs. Prerequisite: CS 422; CS 475 or CS 476.
","['CS422', 'CS475', 'CS476']",4
CS525_4,CS525,"Advanced Distributed Systems

Peer-to-peer systems, sensor networks, and fundamental theoretical distributed computing. Review of classical work in each area, and application of design methodologies to explore overlaps across them. Emphasis on protocol design, systems issues, and theory. Reading selections are roughly two-third classical to one-third contemporary. Students write critiques, make presentations, and create a conference paper in a systematic manner. Prerequisite: One of CS 423, CS 425, CS 438.
","['CS423', 'CS425', 'CS438']",4
CS526_4,CS526,"Advanced Compiler Construction

Incremental and interactive compiling, error correction, code optimization, models of code generators. Prerequisite: CS 426.
",['CS426'],4
CS527_4,CS527,"Topics in Software Engineering

Fault-tolerant software, software architecture, software patterns, multi-media software, and knowledge-based approaches to software engineering. Case studies. Prerequisite: CS 428 or CS 429.
","['CS428', 'CS429']",4
CS528_4,CS528,"Obj-Oriented Progrmg & Design

Principles of object-oriented design; design patterns; use and design of frameworks; reflection, refractoring, use of unit tests as specifications. Prerequisite: CS 427.
",['CS427'],4
CS533_4,CS533,"Parallel Computer Architecture

Theoretical aspects of parallel and pipeline computation; time and processor bounds on classes of computations; data alignment network speed and cost bounds; conflict-free access memories; overall computer system ideas. Same as CSE 522. Prerequisite: CS 433.
",['CS433'],4
CS536_4,CS536,"Fault-Tolerant Dig Syst Design

Same as ECE 542. See ECE 542.
",[],4
CS538_4,CS538,"Advanced Computer Networks

Advanced concepts in computer networks, including congestion control, quality of service, naming, routing, wireless networks, Internet architecture, measurement, network security, and selected recent research directions. Prerequisite: CS 438.
",['CS438'],4
CS539_4,CS539,"Distributed Algorithms

Same as ECE 526. See ECE 526.
",[],4
CS540_4,CS540,"Deep Learning Theory

A rigorous mathematical course covering foundational analyses of the approximation, optimization, and generalization properties of Deep Neural Networks. Topics include: constructive and non-constructive approximations with one hidden layer; benefits of depth; optimization in the NTK regime; maximum margin optimization outside the NTK regime; Rademacher complexity, VC dimensino, and covering number bounds for ReLU networks. Evaluation is primarily based on homeworks, with a smaller project component. The course goal is to prepare students perform their own research in the field. 4 graduate hours. No professional credit. Prerequisite: Basic linear algebra, probability, proof-writing, and statistics required. Real analysis recommended.
",[],4
CS541_4,CS541,"Computer Systems Analysis

Same as ECE 541. See ECE 541.
",[],4
CS542_4,CS542,"Statistical Reinforcement Learning

Theory of reinforcement learning, with a focus on sample complexity analyses. Specific topics include MDP basics, finite-sample analyses of online (i.e., exploration) and offline (i.e., batch) RL with a tabular representation, finite-sample analyses of online and offline RL with function approximation, state abstraction theory, off-policy evaluation (importance sampling), and policy gradient. The course goal is to provide a comprehensive understanding of the statistical properties of RL under various settings (e.g., online vs offline), preparing the students for doing research in the area. 4 graduate hours. No professional credit. Prerequisite: Calculus, linear algebra, probability and statistics, and basic concepts of machine learning. Familiarity with (at least one of) the following topics is highly recommended: stochastic processes, numerical analysis, and theoretical computer science.
",[],4
CS543_4,CS543,"Computer Vision

Same as ECE 549. See ECE 549.
",[],4
CS544_4,CS544,"Optimiz in Computer Vision

Applications of continuous and discrete optimization to problems in computer vision and machine learning, with particular emphasis on large-scale algorithms and effective approximations: gradient-based learning; Newton's method and variants, applied to structure from motion problems; the augmented Lagrangian method and variants; interior-point methods; SMO and other specialized algorithms for support vector machines; flows and cuts as examples of primal-dual methods; dynamics programming, hidden Markov models, and parsing: 0-1 quadratic forms, max-cut, and Markov random-fields solutions. Prerequisite: CS 450 and CS 473.
","['CS450', 'CS473']",4
CS545_4,CS545,"Machine Learning for Signal Processing

Fundamentals of machine learning and signal processing as they pertain to the development of machines that can understand complex real-world signals, such as speech, images, movies, music, biological and mechanical readings, etc. Hands-on examples of how to decompose, analyze, classify, detect and consolidate signals, and examine various commonplace operations such as finding faces from camera feeds, organizing personal music collections, designing speech dialog systems and understanding movie content. 4 graduate hours. No professional credit. Prerequisite: MATH 415; CS 361 or MATH 461 or STAT 400.
","['MATH415', 'CS361', 'MATH461', 'STAT400']",4
CS546_4,CS546,"Advanced Topics in Natural Language Processing

Advanced topics in natural language processing, ranging from general techniques such as deep learning for NLP to specific topics such as information extraction, knowledge acquisition, dialogue systems, language grounding, and natural language generation. Review of classic as well as state-of-the-art techniques and remaining challenges, and exploration of recent proposals for meeting these challenges. Intended for graduate students doing research in natural language processing. 4 graduate hours. No professional credit. May be repeated in separate terms up to 16 hours, if topics vary. Credit towards a degree from multiple offerings of this course is not given if those offerings have significant overlap, as determined by the CS department. Prerequisite: CS 447 and CS 446 or equivalent background.
","['CS447', 'CS446']",4
CS547_4,CS547,"Deep Learning

Same as IE 534. See IE 534.
",[],4
CS548_4,CS548,"Models of Cognitive Processes

Formal models and concepts in automated cognition; integrating machine learning and prior knowledge; current approaches and detailed analyses of the role of reasoning in the learning process; computational complexity and fundamental tradeoffs between expressiveness and tractability; implications for state-of-the-art artificial intelligence areas such as automated planning, the semantic web, relational learning, structured prediction, latent models, structure learning, theory formation, etc.; philosophical and psychological aspects of integrating analytic and empirical evidence. Same as ECE 548. Prerequisite: CS 440 or CS 446.
","['CS440', 'CS446']",4
CS549_2,CS549,"Seminar in Cognitive Science

Same as PSYC 514, ANTH 514, EPSY 551, LING 570, and PHIL 514. See PSYC 514.
",[],2
CS549_4,CS549,"Seminar in Cognitive Science

Same as PSYC 514, ANTH 514, EPSY 551, LING 570, and PHIL 514. See PSYC 514.
",[],4
CS554_4,CS554,"Parallel Numerical Algorithms

Numerical algorithms for parallel computers: parallel algorithms in numerical linear algebra (dense and sparse solvers for linear systems and the algebraic eigenvalue problem), numerical handling of ordinary and partial differential equations, and numerical optimization techniques. Same as CSE 512. Prerequisite: One of CS 450, CS 457, CS 555.
","['CS450', 'CS457', 'CS555']",4
CS555_4,CS555,"Numerical Methods for PDEs

Numerical techniques for initial and boundary value problems in partial differential equations. Finite difference and finite element discretization techniques, direct and iterative solution methods for discrete problems, and programming techniques and usage of software packages. Same as CSE 510 and MATH 552. 4 graduate hours. No professional credit. Prerequisite: CS 450 or CS 457.
","['CS450', 'CS457']",4
CS556_4,CS556,"Iterative & Multigrid Methods

Comprehensive treatment of algebraic and multigrid iterative methods to solve systems of equations, primarily linear equations arising from discretization of partial differential equations. Same as CSE 511.
",[],4
CS558_4,CS558,"Topics in Numerical Analysis

Advanced topics in numerical analysis selected from areas of current research. Same as CSE 513. May be repeated. Prerequisite: As specified for each topic offering, see Schedule or departmental course description.
",[],4
CS562_4,CS562,"Advanced Topics in Security, Privacy, and Machine Learning

Advanced topics in security and privacy problems in machine learning systems, selected from areas of current research such as: adversarial machine learning, differential privacy, game theory enabled defenses, robust learning methods, machine learning based cybercrime analysis, network intrusion detection, and malware analysis, and machine learning interpretation techniques. 4 graduate hours. No professional credit. May be repeated if topics vary. Credit is not given towards a degree from multiple offerings of this course if those offerings have significant overlap, as determined by the CS department. Prerequisite: CS 446 and CS 463 or equivalent courses, by consent of instructor. Additional prerequisites or corequisites may be specified each term. See section information.
","['CS446', 'CS463']",4
CS563_4,CS563,"Advanced Computer Security

Current research trends in computer and network security. Privacy, tamper-resistance, unwanted traffic, monitoring and surveillance, and critical infrastructure protection. Subtopics will vary depending upon current research trends. Students work in teams in close coordination with the course instructor to develop one of the topics in depth by carrying out background research and an exploratory project. Same as ECE 524. Prerequisite: CS 461 or CS 463.
","['CS461', 'CS463']",4
CS565_4,CS565,"Human-Computer Interaction

In-depth coverage of advanced topics in human-computer interaction (HCI). Applied models of human performance and attention, design tools for creative design tasks, interruptions and peripheral displays, gestures, and bimanual input, and usability evaluation techniques. Students complete a research-oriented term project of their choosing. Prerequisite: CS 465.
",['CS465'],4
CS571_4,CS571,"Combinatorial Mathematics

Same as MATH 580. See MATH 580.
",[],4
CS572_4,CS572,"Extremal Graph Theory

Same as MATH 581. See MATH 581.
",[],4
CS573_4,CS573,"Algorithms

NP-completeness, design and analysis techniques, approximation algorithms, randomized algorithms, combinatorial optimization, linear programming. Intended for graduate students in Computer Science. Same as CSE 515. 4 graduate hours. No professional credit.
",[],4
CS574_4,CS574,"Randomized Algorithms

Basic and advanced concepts in the design and analysis of randomized algorithms. Sampling; concentration inequalities such as Chernoff-Hoeffding bounds; probabilistic method; random walks, dimension reduction; entropy; martingales and Azuma's inequality; derandomization. Randomized algorithms for sorting and searching; graphs; geometric problems. Basics of pseudorandomness and randomized complexity classes. Prerequisite: CS 473; MATH 461 or STAT 400.
","['CS473', 'MATH461', 'STAT400']",4
CS575_4,CS575,"Methods of Combinatorics

Same as MATH 584. See MATH 584.
",[],4
CS576_2,CS576,"Topics in Automated Deduction

Advanced topics in computer-aided methods for formal deduction, selected from areas of current research, such as: resolution theorem proving strategies, special relations, equational reasoning, unification theory, rewrite systems, mathematical induction, program derivation, hybrid inference systems, and programming with logic. May be repeated in separate terms. Prerequisite: As specified for each topic offering, see Schedule or departmental course description.
",[],2
CS576_3,CS576,"Topics in Automated Deduction

Advanced topics in computer-aided methods for formal deduction, selected from areas of current research, such as: resolution theorem proving strategies, special relations, equational reasoning, unification theory, rewrite systems, mathematical induction, program derivation, hybrid inference systems, and programming with logic. May be repeated in separate terms. Prerequisite: As specified for each topic offering, see Schedule or departmental course description.
",[],3
CS576_4,CS576,"Topics in Automated Deduction

Advanced topics in computer-aided methods for formal deduction, selected from areas of current research, such as: resolution theorem proving strategies, special relations, equational reasoning, unification theory, rewrite systems, mathematical induction, program derivation, hybrid inference systems, and programming with logic. May be repeated in separate terms. Prerequisite: As specified for each topic offering, see Schedule or departmental course description.
",[],4
CS579_4,CS579,"Computational Complexity

Turing machines; determinism and non-determinism; time and space hierarchy theorems; speed-up and tape compression; Blum axioms; structure of complexity classes NP, P, NL, L, and PSPACE; complete problems; randomness and complexity classes RP, RL, and BPP; alternation, polynomial-time hierarchy; circuit complexity, parallel complexity, NC, and RNC; relativized computational complexity; time-space trade-offs. Same as ECE 579. Prerequisite: CS 473 or CS 475.
","['CS473', 'CS475']",4
CS580_4,CS580,"Topics in Algorithmic Game Theory

A theoretical CS course covering advances in algorithmic game theory. This includes study of strategic, computational, learning, dynamic, and fairness aspects of games and markets (organizations that involves rational and strategic agents). In particular, topics will include computation and complexity of equilibria, mechanism design, fair-division, dynamics in games and markets, price-of-anarchy etc.. These topics arise from applications such as online marketplaces (like Lyft, Uber, eBay, sponsored search, TaskRabbit), social networks, recommendation systems, kidney exchange, spectrum auction, etc., and thereby will prepare students for related research and/or industry jobs. 4 graduate hours. No professional credit. Prerequisite: CS 473.
",['CS473'],4
CS581_4,CS581,"Algorithmic Genomic Biology

The purpose of the course is to give each student enough background and training in the area of algorithmic genomic biology so that each will be able to do research in this area, and publish papers. The main focus of the course is phylogeny (evolutionary tree) estimation, multiple sequence alignment, and genome-scale phylogenetics, which are problems that present very interesting challenges from a computational and statistical standpoint. Time permitting, we will also discuss computational problems in microbiome analysis, protein function and structure prediction, genome assembly, and even historical linguistics. Students will learn the mathematical and computational foundations in these areas, read the current literature, and do a team research project. The course is designed for doctoral students in computer science, computer engineering, bioengineering, mathematics, and statistics, and does not depend on any prior background in biology. The technical material will depend on discrete algorithms, graph theory, simulations, and probabilistic analysis of algorithms. 4 graduate hours. No professional credit. Prerequisite: CS 374 and CS 361/STAT 361, or consent of instructor.
","['CS374', 'CS361']",4
CS582_4,CS582,"Machine Learning for Bioinformatics

This graduate course on bioinformatics introduces a selection of topics in computational biology and bioinformatics, with special emphasis on current problems in regulatory genomics and systems biology. Computational approaches discussed will focus on Machine Learning techniques such as Bayesian inference, graphical models, supervised learning and network analysis. Bioinformatics topics will be introduced through lectures by instructor and research paper presentations by students, and include regulatory sequence analysis, cistromics, epigenomics, regulatory network reconstruction, non-coding variant interpretation, and protein structure and function prediction. A research project involving real data analysis with techniques related to course content is mandatory and will help prepare students for bioinformatics research. 4 graduate hours. No professional credit. Prerequisite: CS 446; Credit or concurrent enrollment in CS 466; or consent of instructor.
","['CS446', 'CS466']",4
CS583_4,CS583,"Approximation Algorithms

Approximation algorithms for NP-hard problems. Basic and advanced techniques in approximation algorithm design: combinatorial algorithms; mathematical programming methods including linear and semi-definite programming, local search methods, and others. Algorithms for graphs and networks, constraint satisfaction, packing and scheduling. Prerequisite: CS 573 or consent of instructor.
",['CS573'],4
CS584_4,CS584,"Embedded System Verification

Same as ECE 584. See ECE 584.
",[],4
CS585_4,CS585,"Hardware Verification

Same as ECE 519. See ECE 519.
",[],4
CS586_4,CS586,"Combinatorial Optimization

Same as IE 519. See IE 519.
",[],4
CS588_4,CS588,"Autonomous Vehicle System Engineering

Will introduce students to the computational principles involved in autonomous vehicles, with practical labwork on an actual vehicle. Sensing topics will include vision, lidar and sonar sensing, including state-of-the-art methods for detection, classification, and segmentation. Bayesian filtering methods will be covered in the context of both SLAM and visual tracking. Planning and control topics will cover vehicle dynamics models, state-lattice planning, sampling-based kinodynamic planning, optimal control and trajectory optimization, and some reinforcement learning. Evaluation will involve ambitious challenge projects implemented on a physical vehicle. 4 graduate hours. No professional credit. Prerequisite: CS 374, ECE 484, or equivalent.
","['CS374', 'ECE484']",4
CS591_0,CS591,"Advanced Seminar

Seminar on topics of current interest as announced in the Class Schedule. Approved for S/U grading only. May be repeated in the same or separate terms if topics vary. Prerequisite: As specified for each topic offering, see Class Schedule or departmental course description.
",[],0
CS591_1,CS591,"Advanced Seminar

Seminar on topics of current interest as announced in the Class Schedule. Approved for S/U grading only. May be repeated in the same or separate terms if topics vary. Prerequisite: As specified for each topic offering, see Class Schedule or departmental course description.
",[],1
CS591_2,CS591,"Advanced Seminar

Seminar on topics of current interest as announced in the Class Schedule. Approved for S/U grading only. May be repeated in the same or separate terms if topics vary. Prerequisite: As specified for each topic offering, see Class Schedule or departmental course description.
",[],2
CS591_3,CS591,"Advanced Seminar

Seminar on topics of current interest as announced in the Class Schedule. Approved for S/U grading only. May be repeated in the same or separate terms if topics vary. Prerequisite: As specified for each topic offering, see Class Schedule or departmental course description.
",[],3
CS591_4,CS591,"Advanced Seminar

Seminar on topics of current interest as announced in the Class Schedule. Approved for S/U grading only. May be repeated in the same or separate terms if topics vary. Prerequisite: As specified for each topic offering, see Class Schedule or departmental course description.
",[],4
CS597_2,CS597,"Individual Study

Individual study or reading in a subject not covered in normal course offerings. May be repeated. Prerequisite: Consent of instructor.
",[],2
CS597_3,CS597,"Individual Study

Individual study or reading in a subject not covered in normal course offerings. May be repeated. Prerequisite: Consent of instructor.
",[],3
CS597_4,CS597,"Individual Study

Individual study or reading in a subject not covered in normal course offerings. May be repeated. Prerequisite: Consent of instructor.
",[],4
CS597_5,CS597,"Individual Study

Individual study or reading in a subject not covered in normal course offerings. May be repeated. Prerequisite: Consent of instructor.
",[],5
CS597_6,CS597,"Individual Study

Individual study or reading in a subject not covered in normal course offerings. May be repeated. Prerequisite: Consent of instructor.
",[],6
CS597_7,CS597,"Individual Study

Individual study or reading in a subject not covered in normal course offerings. May be repeated. Prerequisite: Consent of instructor.
",[],7
CS597_8,CS597,"Individual Study

Individual study or reading in a subject not covered in normal course offerings. May be repeated. Prerequisite: Consent of instructor.
",[],8
CS597_9,CS597,"Individual Study

Individual study or reading in a subject not covered in normal course offerings. May be repeated. Prerequisite: Consent of instructor.
",[],9
CS597_10,CS597,"Individual Study

Individual study or reading in a subject not covered in normal course offerings. May be repeated. Prerequisite: Consent of instructor.
",[],10
CS597_11,CS597,"Individual Study

Individual study or reading in a subject not covered in normal course offerings. May be repeated. Prerequisite: Consent of instructor.
",[],11
CS597_12,CS597,"Individual Study

Individual study or reading in a subject not covered in normal course offerings. May be repeated. Prerequisite: Consent of instructor.
",[],12
CS597_13,CS597,"Individual Study

Individual study or reading in a subject not covered in normal course offerings. May be repeated. Prerequisite: Consent of instructor.
",[],13
CS597_14,CS597,"Individual Study

Individual study or reading in a subject not covered in normal course offerings. May be repeated. Prerequisite: Consent of instructor.
",[],14
CS597_15,CS597,"Individual Study

Individual study or reading in a subject not covered in normal course offerings. May be repeated. Prerequisite: Consent of instructor.
",[],15
CS597_16,CS597,"Individual Study

Individual study or reading in a subject not covered in normal course offerings. May be repeated. Prerequisite: Consent of instructor.
",[],16
CS598_2,CS598,"Special Topics

Subject offerings of new and developing areas of knowledge in computer science intended to augment the existing curriculum. See Class Schedule or departmental course information for topics and prerequisites. May be repeated in the same or separate terms if topics vary.
",[],2
CS598_3,CS598,"Special Topics

Subject offerings of new and developing areas of knowledge in computer science intended to augment the existing curriculum. See Class Schedule or departmental course information for topics and prerequisites. May be repeated in the same or separate terms if topics vary.
",[],3
CS598_4,CS598,"Special Topics

Subject offerings of new and developing areas of knowledge in computer science intended to augment the existing curriculum. See Class Schedule or departmental course information for topics and prerequisites. May be repeated in the same or separate terms if topics vary.
",[],4
CS599_0,CS599,"Thesis Research

Approved for S/U grading only. May be repeated.
",[],0
CS599_1,CS599,"Thesis Research

Approved for S/U grading only. May be repeated.
",[],1
CS599_2,CS599,"Thesis Research

Approved for S/U grading only. May be repeated.
",[],2
CS599_3,CS599,"Thesis Research

Approved for S/U grading only. May be repeated.
",[],3
CS599_4,CS599,"Thesis Research

Approved for S/U grading only. May be repeated.
",[],4
CS599_5,CS599,"Thesis Research

Approved for S/U grading only. May be repeated.
",[],5
CS599_6,CS599,"Thesis Research

Approved for S/U grading only. May be repeated.
",[],6
CS599_7,CS599,"Thesis Research

Approved for S/U grading only. May be repeated.
",[],7
CS599_8,CS599,"Thesis Research

Approved for S/U grading only. May be repeated.
",[],8
CS599_9,CS599,"Thesis Research

Approved for S/U grading only. May be repeated.
",[],9
CS599_10,CS599,"Thesis Research

Approved for S/U grading only. May be repeated.
",[],10
CS599_11,CS599,"Thesis Research

Approved for S/U grading only. May be repeated.
",[],11
CS599_12,CS599,"Thesis Research

Approved for S/U grading only. May be repeated.
",[],12
CS599_13,CS599,"Thesis Research

Approved for S/U grading only. May be repeated.
",[],13
CS599_14,CS599,"Thesis Research

Approved for S/U grading only. May be repeated.
",[],14
CS599_15,CS599,"Thesis Research

Approved for S/U grading only. May be repeated.
",[],15
CS599_16,CS599,"Thesis Research

Approved for S/U grading only. May be repeated.
",[],16
